y1,현금접근성 지수,ATM,은행,우체국,편의점,,
y2,금융소외 지수,65세 이상 노인 인구,기초생활수급자 인구,단장기 외국인 체류자 인구,,,
,,,,,,,
,,,,,,,
변수,,현정환,김종호,한재현,한국은행,최종 가중치,중요 순위
y1,ATM,0.576,0.568,0.523,0.576,0.56075,1
,은행,0.117,0.217,0.313,0.117,0.191,2
,우체국,0.051,0.149,0.082,0.051,0.08325,4
,편의점,0.256,0.064,0.082,0.256,0.1645,3
y2,노인,0.607,0.678,0.454,0.607,0.5865,1
,기초생활수급자,0.303,0.24,0.454,0.303,0.325,2
,외국인,0.089,0.081,0.091,0.089,0.0875,3
,,,,,,* 평균법,
